Delete from OrderLine;
Delete from [Order];
Delete from Customer;


INSERT INTO Customer (CustID, FirstName, LastName)
VALUES(1, 'John', 'Smith'),
	  (2, 'Amy', 'Smither'),
	  (3, 'Timmy', 'Horse'),
	  (4, 'Bruce', 'Dillis'),
	  (5, 'Jakub', 'Emery'),
	  (6, 'Neave', 'Baker'),
      (7, 'Ocean', 'Bullock'),
	  (8, 'Clare', 'Berry'),
	  (9, 'Jazmine', 'Chen'),
	  (10, 'Stanley', 'Simmons'),
	  (11, 'Emile', 'John'),
	  (12, 'Montague', 'Nelson'),
	  (13, 'Ashleigh', 'Clay'),
	  (14, 'Reon', 'Atkinson'),
	  (15, 'Katlyn', 'Corona'),
	  (16, 'Tiegan', 'Owen'),
	  (17, 'Sunil', 'Navarro'),
	  (18, 'Callan', 'Richard'),
	  (19, 'Carwyn', 'Rooney'),
	  (20, 'Isabella', 'Rivera'),
	  (21, 'Faizan', 'Elliott'),
	  (22, 'Cecilia', 'Abbott'),
	  (23, 'Jarvis', 'Hunter'),
	  (24, 'Annette', 'Mckeown'),
	  (25, 'Darnell', 'Singleton');

INSERT INTO [Order] (OrderID, CustomerID, OrderDate)
VALUES(1, 1, '2022-01-13'),
	  (2, 2, '2022-02-13'),
	  (3, 3, '2022-03-13'),
	  (4, 4, '2022-04-13'),
	  (5, 5, '2022-05-13'),
	  (6, 6, '2022-06-13'),
      (7, 7, '2022-07-13'),
	  (8, 8, '2022-08-13'),
	  (9, 9, '2022-09-13'),
	  (10, 10, '2022-10-13'),
	  (11, 11, '2022-11-13'),
	  (12, 12, '2022-12-13'),
	  (13, 13, '2022-01-14'),
	  (14, 14, '2022-02-14'),
	  (15, 15, '2022-03-14'),
	  (16, 16, '2022-04-14'),
	  (17, 17, '2022-05-14'),
	  (18, 18, '2022-06-14'),
	  (19, 19, '2022-07-14'),
	  (20, 20, '2022-08-14'),
	  (21, 21, '2022-09-14'),
	  (22, 22, '2022-10-14'),
	  (23, 23, '2022-11-14'),
	  (24, 24, '2022-11-14'),
	  (25, 1, '2022-11-14'),
	  (26, 1, '2022-11-14'),
	  (27, 2, '2022-11-14'),
	  (28, 3, '2022-11-14'),
	  (29, 4, '2022-11-14'),
	  (30, 5, '2022-11-14');

INSERT INTO OrderLine (OrderLineID, OrdID, ItemName, Cost, Quantity)
VALUES(1, 1, 'eggs', 2, 100),
	  (2, 2, 'bread', 2, 200),
	  (3, 3, 'milk', 5, 150),
	  (4, 4, 'chicken', 10, 45),
	  (5, 5, 'beef', 5, 35),
	  (6, 6, 'carrot', 3, 20),
      (7, 7, 'chocolate', 8, 17),
	  (8, 8, 'hot sauce', 12, 12),
	  (9, 9, 'food dye', 5, 5),
	  (10, 10, 'pizza', 15, 5),
	  (11, 11, 'strawberries', 9, 18),
	  (12, 12, 'chives', 2, 10),
	  (13, 13, 'eggs', 2, 100),
	  (14, 14, 'candy', 5, 50),
	  (15, 15, 'pasta', 4, 37),
	  (16, 16, 'taco shells', 7, 70),
	  (17, 17, 'snack cakes', 5, 10),
	  (18, 18, 'bread', 2, 39),
	  (19, 19, 'potatoes', 8, 90),
	  (20, 20, 'shrimp', 13, 37),
	  (21, 21, 'eggs', 2, 101),
	  (22, 22, 'flour', 4, 50),
	  (23, 23, 'sugar', 5, 51),
	  (24, 24, 'sugar', 5, 52),
	  (25, 25, 'butter', 2, 89),
	  (26, 26, 'eggs', 2, 278),
	  (27, 27, 'bread', 2, 450),
	  (28, 28, 'milk', 5, 19),
	  (29, 29, 'chicken', 10, 39),
	  (30, 30, 'beef', 5, 10);

SELECT * FROM [Order];
SELECT * FROM Customer;
SELECT * From OrderLine